,Box.Cavity.Name,Date,Box.Cavity.Status
285,23elow3n,13-Jul-23,1
275,23elow8n,18-Jul-23,0
284,23ELOW8N,13-Jul-23,1
419,OM002,20-May-23,0
56,OM004,17-Jun-24,0
134,OM004,29-May-24,0
189,OM004,14-May-24,0
255,OM004,24-Jul-23,0
326,OM004,10-Jul-23,0
384,OM004,25-Jun-23,0
408,OM005,23-May-23,0
415,OM006,22-May-23,0
328,OM009,23-May-23,0
364,OM009,26-Jun-23,0
30,OM012,18-Jun-24,0
158,OM012,17-May-24,0
69,OM014,4-Jun-24,0
184,OM014,15-May-24,0
5,OM014,20-Jun-24,1
36,OM017,18-Jun-24,0
102,OM017,30-May-24,0
177,OM017,16-May-24,0
303,OM017,12-Jul-23,0
376,OM017,27-Jun-23,0
416,OM018,22-May-23,0
409,OM019,22-May-23,0
417,OM020,22-May-23,0
68,OM021,4-Jun-24,0
185,OM021,15-May-25,0
1,OM021,20-Jun-24,1
205,OM021,13-Jul-23,0
330,OM021,29-Jun-23,0
418,OM021,21-May-23,0
411,OM025,23-May-23,0
63,OM026,17-Jun-24,0
146,OM026,29-May-25,0
202,OM026,14-May-14,0
274,OM026,24-Jul-23,0
313,OM026,10-Jul-23,0
395,OM026,14-Jun-23,0
37,OM031,18-Jun-23,0
105,OM031,30-May-24,0
178,OM031,16-May-24,0
212,OM031,25-Jul-23,0
362,OM031,26-Jun-23,0
414,OM031,23-May-23,0
394,OM032,14-Jun-23,0
8,OM033,19-Jun-24,0
84,OM033,31-May-24,0
165,OM033,16-May-24,0
250,OM033,24-Jul-23,0
289,OM033,12-Jul-23,0
344,OM033,28-Jun-23,0
7,OM037,19-Jun-24,0
77,OM037,31-May-24,0
167,OM037,16-May-24,0
342,OM037,28-Jun-23,0
397,OM038,11-Jun-23,0
52,OM040,17-Jun-24,0
140,OM040,29-May-24,0
190,OM040,14-May-24,0
256,OM040,24-Jul-23,0
325,OM040,10-Jul-23,0
387,OM040,25-Jun-23,0
136,OM041,29-May-24,0
197,OM041,14-May-24,0
242,OM041,24-Jul-23,0
314,OM041,10-Jul-23,0
327,OM041,22-May-23,0
383,OM041,25-Jun-23,0
403,OM043,8-Jun-23,0
23,OM044,19-Jun-24,0
82,OM044,31-May-24,0
244,OM044,24-Jul-23,0
295,OM044,12-Jul-23,0
345,OM044,28-Jun-23,0
29,OM045,18-Jun-24,0
356,OM047,26-Jun-23,0
100,OM048,30-May-24,0
149,OM048,17-May-24,1
25,OM048,18-Jun-24,1
222,OM048,25-Jul-23,0
304,OM048,12-Jul-23,1
371,OM048,27-Jun-23,1
404,OM050,8-Jun-23,0
31,OM051,18-Jun-24,0
93,OM051,31-May-24,0
161,OM051,17-May-24,0
223,OM051,25-Jul-23,0
367,OM051,27-Jun-23,0
413,OM052,23-May-23,0
412,OM054,23-May-23,0
47,OM055,18-Jun-24,0
107,OM055,30-May-24,0
192,OM055,14-May-24,0
251,OM055,17-Jul-23,0
316,OM055,10-Jul-23,0
381,OM055,25-Jun-23,0
34,OM056,18-Jun-24,0
160,OM056,17-May-24,0
227,OM056,25-Jul-23,0
297,OM056,12-Jul-23,0
301,OM056,12-Jul-23,0
369,OM056,27-Jun-23,0
396,OM056,18-Jun-23,0
402,OM058,7-Jun-23,0
294,OM059,12-Jul-23,0
58,OM061,17-Jun-24,0
139,OM061,29-May-24,0
187,OM061,14-May-23,0
323,OM061,10-Jul-23,0
389,OM061,25-Jun-23,0
259,OM061,24-Jul-23,1
57,OM063,17-Jun-24,0
138,OM063,29-May-24,0
188,OM063,14-May-24,0
258,OM063,24-Jul-23,0
322,OM063,10-Jul-23,0
390,OM063,25-Jun-23,0
59,OM064,17-Jun-24,0
388,OM064,25-Jun-23,0
391,OM064,25-Jun-23,1
261,OM064,24-Jul-23,1
321,OM064,10-Jul-23,1
407,OM065,8-Jun-23,0
410,OM066,22-May-23,0
422,OM067,22-May-23,0
10,OM068,19-Jun-24,0
75,OM068,31-May-24,0
170,OM068,16-May-24,0
283,OM068,13-Jul-23,0
332,OM068,29-Jun-23,0
400,OM068,8-Jun-23,0
11,OM069,19-Jun-24,0
74,OM069,31-May-24,0
171,OM069,16-May-24,0
260,OM069,24-Jul-23,0
334,OM069,29-Jun-23,0
401,OM069,8-Jun-23,0
13,OM072,19-Jun-24,0
78,OM072,31-May-24,0
172,OM072,16-May-24,1
288,OM072,12-Jul-23,0
329,OM072,29-Jun-23,1
340,OM072,29-Jun-23,1
257,OM072,24-Jul-23,1
62,OM073,17-Jun-24,0
144,OM073,29-May-24,0
203,OM073,14-May-24,0
263,OM073,24-Jul-23,0
393,OM073,25-Jun-23,0
399,OM073,10-Jun-23,0
281,OM075,16-Jul-23,0
337,OM075,29-Jun-23,0
406,OM075,8-Jun-23,0
363,OM076,8-Jun-23,0
421,OM076,20-May-23,0
117,OM077,30-May-25,0
198,OM077,14-May-24,0
48,OM077,18-Jun-24,1
240,OM077,24-Jul-23,0
315,OM077,10-Jul-23,0
420,OM077,20-May-23,0
43,OM078,18-Jun-24,0
118,OM078,29-May-24,0
125,OM078,15-May-24,0
232,OM078,24-Jul-23,0
309,OM078,11-Jul-23,0
358,OM078,26-Jun-23,0
51,OM079,18-Jun-24,0
195,OM079,14-May-24,0
246,OM079,24-Jul-23,0
317,OM079,10-Jul-23,0
16,OM080,19-Jun-24,0
80,OM080,31-May-24,0
166,OM080,16-May-23,0
254,OM080,24-Jul-23,0
286,OM080,12-Jul-23,0
341,OM080,28-Jun-23,0
19,OM081,19-Jun-24,0
89,OM081,31-May-24,0
153,OM081,17-May-24,0
293,OM081,12-Jul-23,0
237,OM081,24-Jul-23,1
9,OM082,19-Jun-24,0
81,OM082,31-May-24,0
164,OM082,16-May-24,0
252,OM082,24-Jul-23,0
287,OM082,12-Jul-23,0
343,OM082,28-Jun-23,0
24,OM083,19-Jun-24,0
87,OM083,31-May-24,0
154,OM083,17-May-24,0
233,OM083,24-Jul-23,0
352,OM083,28-Jun-23,0
353,OM084,28-Jun-23,0
386,OM085,25-Jun-23,0
368,OM086,27-Jun-23,0
50,OM087,18-Jun-24,0
108,OM087,30-May-24,0
193,OM087,14-May-24,0
249,OM087,24-Jul-23,0
318,OM087,10-Jul-23,0
382,OM087,25-Jun-23,0
91,OM088,31-May-24,0
116,OM088,30-May-24,0
150,OM088,17-May-24,0
124,OM088,15-May-24,1
207,OM088,17-Jul-23,0
208,OM088,8-Jun-23,0
350,OM088,28-Jun-23,0
234,OM089,17-Jul-23,0
310,OM089,11-Jul-23,0
357,OM089,26-Jun-23,0
365,OM090,26-Jun-23,0
339,OM091,29-Jun-23,0
351,OM092,28-Jun-23,0
60,OM093,17-Jun-24,0
145,OM093,29-May-24,0
200,OM093,14-May-24,0
265,OM093,24-Jul-23,0
324,OM093,9-Jul-23,0
392,OM093,25-Jun-23,0
372,OM094,27-Jun-23,0
32,OM095,18-Jun-24,0
95,OM095,31-May-24,0
159,OM095,17-May-24,0
226,OM095,25-Jul-23,0
298,OM095,12-Jul-23,0
366,OM095,27-Jun-23,0
142,OM096,29-May-24,0
186,OM096,14-May-24,0
98,OM097,30-May-24,0
65,OM097,17-Jun-24,1
119,OM097,17-Jun-24,1
131,OM097,17-Jun-24,1
300,OM097,12-Jul-23,1
373,OM097,27-Jun-23,1
220,OM097,25-Jul-23,1
331,OM098,29-Jun-23,0
18,OM099,19-Jun-24,0
83,OM099,31-May-24,0
157,OM099,17-May-24,1
247,OM099,24-Jul-23,0
40,OM101,18-Jun-24,0
112,OM101,30-May-24,0
126,OM101,25-May-24,0
228,OM101,24-Jul-23,0
305,OM101,11-Jul-23,0
359,OM101,26-Jun-23,0
22,OM102,19-Jun-24,0
86,OM102,31-May-24,0
235,OM102,24-Jul-23,0
354,OM102,28-Jun-23,0
156,OM102,17-May-24,1
88,OM103,31-May-24,0
241,OM103,24-Jul-23,0
348,OM103,28-Jun-23,1
290,OM103,12-Jul-23,1
355,OM104,26-Jun-23,0
199,OM105,14-May-24,0
262,OM105,24-Jul-23,0
379,OM105,25-Jun-23,0
141,OM105,29-May-24,1
55,OM105,17-Jun-24,1
39,OM106,18-Jun-24,0
113,OM106,30-May-24,0
130,OM106,15-May-25,0
230,OM106,24-Jul-23,0
306,OM106,11-Jul-23,0
361,OM106,26-Jun-23,0
179,OM107,16-May-24,0
215,OM107,25-Jul-23,0
378,OM107,27-Jun-23,0
17,OM108,19-Jun-24,0
90,OM108,31-May-24,0
152,OM108,17-May-24,0
245,OM108,24-Jul-23,0
292,OM108,12-Jul-23,0
346,OM108,28-Jun-23,0
349,OM108,28-Jun-23,0
360,OM109,26-Jun-23,0
20,OM110,19-Jun-24,0
85,OM110,31-May-23,0
155,OM110,17-May-24,0
291,OM110,12-Jul-23,0
347,OM110,28-Jun-23,0
333,OM111,29-Jun-22,0
147,OM112,29-May-24,0
204,OM112,14-May-24,0
273,OM112,24-Jul-23,0
312,OM112,10-Jul-23,0
380,OM112,25-Jun-23,0
64,OM112,17-Jun-24,1
385,OM113,25-Jun-23,0
374,OM115,27-Jun-23,0
44,OM117,18-Jun-24,0
103,OM117,30-May-24,0
173,OM117,16-May-24,0
213,OM117,25-Jul-23,0
377,OM117,27-Jun-23,0
26,OM118,19-Jun-24,0
148,OM118,17-May-24,0
221,OM118,25-Jul-23,0
302,OM118,12-Jul-23,0
335,OM119,29-Jun-23,0
224,OM12,25-Jul-23,0
299,OM12,12-Jul-23,0
370,OM12,27-Jun-23,0
336,OM120,29-Jun-23,0
211,OM121,11-Jul-23,0
218,OM121,25-Jul-23,0
41,OM122,18-Jun-24,0
101,OM122,30-May-24,0
174,OM122,16-May-24,0
214,OM122,18-Jul-23,0
375,OM122,27-Jun-23,0
4,OM123,20-Jun-24,0
6,OM123,20-Jun-24,0
14,OM123,19-Jun-24,0
76,OM123,31-May-24,0
183,OM123,15-May-24,0
206,OM123,13-Jul-23,0
264,OM123,24-Jul-23,0
70,OM124,4-Jun-24,0
181,OM124,15-May-24,0
271,OM124,24-Jul-23,0
280,OM124,16-Jul-23,0
53,OM125,17-Jun-24,0
135,OM125,29-May-24,0
191,OM125,14-May-24,0
253,OM125,24-Jul-23,0
320,OM125,10-Jul-23,0
128,OM126,15-May-24,0
3,OM127,20-Jun-24,0
71,OM127,4-Jun-24,0
182,OM127,15-May-24,0
267,OM127,24-Jul-23,0
277,OM127,16-Jul-23,0
268,OM128,24-Jul-23,0
279,OM128,16-Jul-23,0
61,OM129,17-Jun-24,0
143,OM129,29-May-24,0
201,OM129,14-May-24,0
266,OM129,24-Jul-23,0
311,OM129,10-Jul-23,1
270,OM130,24-Jul-23,0
282,OM130,16-Jul-23,0
239,OM131,24-Jul-23,0
210,OM132,11-Jul-23,0
216,OM132,25-Jul-23,0
54,OM133,17-Jun-24,0
94,OM133,31-May-24,0
137,OM133,29-May-24,0
196,OM133,14-May-24,0
243,OM133,24-Jul-23,0
319,OM133,10-Jul-23,0
21,OM134,19-Jun-24,0
229,OM134,24-Jul-23,0
151,OM134,17-May-24,1
231,OM135,24-Jul-23,0
111,OM135,30-May-24,1
127,OM135,15-May-24,1
46,OM136,18-Jun-24,0
115,OM136,30-May-24,0
122,OM136,15-May-24,0
238,OM136,17-Jul-23,0
307,OM136,11-Jul-23,0
67,OM137,17-Jun-24,0
99,OM137,30-May-24,0
121,OM137,17-May-24,0
133,OM137,17-May-24,0
209,OM137,12-Jul-23,0
219,OM137,25-Jul-23,0
49,OM138,18-Jun-24,0
106,OM138,30-May-24,0
194,OM138,14-May-24,0
248,OM138,24-Jul-23,0
45,OM139,18-Jun-24,0
114,OM139,30-Apr-24,0
123,OM139,15-May-24,0
236,OM139,24-Jul-23,0
308,OM139,11-Jul-23,0
272,OM14,24-Jul-23,0
278,OM14,16-Jul-23,0
338,OM14,29-Jun-23,0
405,OM14,8-Jun-23,0
217,OM140,25-Jul-23,0
162,OM141,17-May-24,1
296,OM141,12-Jul-23,1
225,OM141,25-Jul-23,1
92,OM141,31-May-24,1
28,OM141,18-Jun-24,1
180,OM142,15-May-24,0
269,OM142,24-Jul-23,0
276,OM142,16-Jul-23,0
2,OM142,20-Jun-24,1
72,OM142,4-Jun-24,1
66,OM143,17-Jun-24,0
96,OM143,30-May-24,0
120,OM143,17-May-24,0
132,OM143,17-May-24,0
163,OM145,17-May-24,0
129,OM146,15-May-24,0
38,OM147,18-Jun-24,0
110,OM147,30-May-24,0
12,OM148,19-Jun-24,0
73,OM148,31-May-24,0
168,OM148,16-May-24,0
42,OM149,18-Jun-24,0
104,OM149,30-May-24,0
176,OM149,16-May-24,0
398,OM15,10-Jun-23,0
33,OM150,18-Jun-24,0
35,OM150,18-Jun-24,0
109,OM150,30-May-24,0
175,OM150,16-May-24,0
15,OM152,19-Jun-24,0
79,OM152,31-May-24,0
169,OM152,16-May-24,0
97,OM155,30-May-24,1
27,OM156,19-Jun-24,1
